{
    "anchors": [
        {
            "x": 0.005585135892033577,
            "y": 0.6961565613746643,
            "z": 9.975737571716309
        },
        {
            "x": 0.01925208419561386,
            "y": -0.9477788805961609,
            "z": 9.954965591430664
        },
        {
            "x": 0.76869136095047,
            "y": -0.0251384936273098,
            "z": 9.970379829406739
        },
        {
            "x": -0.6917976140975952,
            "y": 0.013072118163108826,
            "z": 9.976033210754395
        }
    ]
}