{
    "fileName": "tooltips.json",
    "tooltipDetailsList": [
        {
            "name": "Tooltip #1",
            "globalPose": {
                "position": {
                    "x": 4.869772911071777,
                    "y": -0.33058300614356997,
                    "z": 8.727888107299805
                },
                "rotation": {
                    "x": 0.03061557374894619,
                    "y": 0.40414372086524966,
                    "z": -0.013536074198782444,
                    "w": 0.9140827655792236
                }
            }
        },
        {
            "name": "Tooltip #2",
            "globalPose": {
                "position": {
                    "x": -1.1976017951965333,
                    "y": -0.3756830394268036,
                    "z": 9.920917510986329
                },
                "rotation": {
                    "x": 0.005926604848355055,
                    "y": -0.20264475047588349,
                    "z": 0.0012264647521078587,
                    "w": 0.9792336225509644
                }
            }
        },
        {
            "name": "Tooltip #3",
            "globalPose": {
                "position": {
                    "x": 3.6195180416107179,
                    "y": -0.24072030186653138,
                    "z": 9.318859100341797
                },
                "rotation": {
                    "x": -0.07483989000320435,
                    "y": 0.41228148341178896,
                    "z": 0.03400609269738197,
                    "w": 0.907340407371521
                }
            }
        }
    ]
}